{
	
    "bodies": {
		
        "Book Keeper": {
			
            "cms_body_id": 21,
			
            "cms_body_added": "2022-12-15 01:50:08",
			
            "cms_body_updated": "2023-02-08 07:57:54",
			
            "cms_body_name": "Book Keeper",
			
            "cms_body_app_key": "BOOK_KEEP",
			
            "cms_body_virtual_name": "bookkeep",
			
            "cms_body_lang": "",
			
            "cms_body_group_ids": "0",
			
            "cms_body_manager_group_ids": "0",
			
            "cms_body_order": 100,
			
            "cms_body_default": 0,
			
            "cms_body_nomenu": 0,
			
            "cms_body_enabled": 1,
			
            "cms_body_file": "book_keeper_body.php",
			
            "cms_body_title": "Ledger & Book Keeper",
			
            "cms_body_meta_description": "",
			
            "cms_body_meta_keywords": "",
			
            "cms_body_cached": 0,
			
            "cms_body_ssl": 1,
			
            "cms_body_full_view": 0,
			
            "cms_body_iframe_view": 0,
			
            "cms_body_icon_url": "icons\/book_keeping.png",
			
            "cms_body_image_url": "images\/book_keeping.png",
			
            "cms_body_manual_url": "book_keeper_manual.php",
			
            "cms_body_terms_url": "-1",
			
            "cms_body_acknowledgment_url": "-1",
			
            "cms_body_licence_url": "LICENCE.txt",
			
            "cms_body_debug_only": 0,
			
            "cms_body_default_msgs": 1,
			
            "cms_body_login_page": 0,
			
            "cms_body_login_required": 1,
			
            "cms_body_description": "",
			
            "cms_body_type": 3,
			
            "cms_body_dir": "book_keep",
			
            "cms_body_release_notes_url": "ReleaseNotes.md",
			
            "cms_body_readme_url": "README.md",
			
            "cms_body_installed": 0,
			
            "cms_body_crontab_enable": 0,
			
            "cms_body_crontab_time": "* * * * *",
			
            "cms_body_crontab_job": "book_keep_cron.sh",
			
            "cms_body_version": "V1.3-8 Beta",
			
            "cms_body_H1": "",
			
            "cms_body_H1_title": "",
			
            "cms_body_purpose": "",
			
            "cms_body_info1": "",
			
            "cms_body_info2": "",
			
            "cms_body_terms_upfirst": 0,
			
            "cms_body_comments": "Beta not complete.",
			
            "cms_body_package_excludes": "",
			
            "plugins": [
				
                {
					
                    "info": {
						
                        "plugin": "book_keep",
						
                        "class": "Cbook_keep_plugin",
						
                        "key": "BOOK_KEEP",
						
                        "enabled": true
					},
					
                    "PL_BOOK_KEEP_MYSQL_HOST": "localhost",
					
                    "PL_BOOK_KEEP_MYSQL_DATABASE": "book_keep_app",
					
                    "PL_BOOK_KEEP_MYSQL_USERNAME": "book_keep",
					
                    "PL_BOOK_KEEP_MYSQL_PASSWORD": "book_keep",
					
                    "PL_BOOK_KEEP_MYSQL_USE_SSL_BOOL": "false",
					
                    "PL_BOOK_KEEP_MYSQL_SSL_KEY": "",
					
                    "PL_BOOK_KEEP_MYSQL_SSL_CERT": "",
					
                    "PL_BOOK_KEEP_MYSQL_SSL_CA": "",
					
                    "PL_BOOK_KEEP_PRIMARY_CURRENCY": "AUD",
					
                    "PL_BOOK_KEEP_CURRENCY_URL": "https:\/\/www.ecb.europa.eu\/stats\/eurofxref\/eurofxref-hist-90d.xml",
					
                    "PL_BOOK_KEEP_CURRENCY_URL_BASE": "EUR",
					
                    "PL_BOOK_KEEP_CURRENCY_USE_LOCALE_FORMAT": "true"
				}
			]
		}
	},
	
    "plugins": [
	],
	
    "nav_bar": {
		
        "Book Keeper": false
	},
	
    "dirs": [
	],
	
    "files": [
	],
	
    "ini": {
		
        "BOOK_KEEP_ThemeSettings": {
			
            "BOOK_KEEP_FMT_PLUS_NUMBER_BKGD_COLOUR": "inherit",
			
            "BOOK_KEEP_FMT_PLUS_NUMBER_COLOUR": "green",
			
            "BOOK_KEEP_FMT_NEG_NUMBER_BKGD_COLOUR": "inherit",
			
            "BOOK_KEEP_FMT_NEG_NUMBER_COLOUR": "red"
		},
		
        "BOOK_KEEP_Numbers": {
			
            "BOOK_KEEP_FMT_NUMBER_PREC": "2"
		},
		
        "BOOK_KEEP_General": {
			
            "BOOK_KEEP_TRANS_REPORT_COLUMNS": "account_id:category_id:payee_id:project_id:receipt_id:transaction_date:transaction_memo"
		}
	},
	
    "assoc": [
	],
	
    "name": "AppsCMS_Application_Book_Keeper_V1.3-8_Beta",
	
    "type": "application",
	
    "packager": "AppsCMS",
	
    "packager_version": "V3.03-RC8",
	
    "_JSON_ModTime": 1675845297,
	
    "_JSON_ModUser": "robert0609"
}