{
	
    "tools": {
		
        "PHP Info": {
			
            "cms_tool_id": 8,
			
            "cms_tool_added": "2022-08-17 01:54:45",
			
            "cms_tool_updated": "2023-03-25 02:01:20",
			
            "cms_tool_name": "PHP Info",
			
            "cms_tool_group_ids": "0",
			
            "cms_tool_order": 500,
			
            "cms_tool_enabled": 1,
			
            "cms_tool_url": "phpinfo\/index.php",
			
            "cms_tool_description": "",
			
            "cms_tool_title": "",
			
            "cms_tool_new_page": 0,
			
            "cms_tool_ssl": 0,
			
            "cms_tool_login_required": 0,
			
            "cms_tool_add_name2url": 1,
			
            "cms_tool_include": 1,
			
            "cms_tool_icon_url": "",
			
            "cms_tool_image_url": "",
			
            "cms_tool_terms_url": "-1",
			
            "cms_tool_acknowledgment_url": "-1",
			
            "cms_tool_licence_url": "-1",
			
            "cms_tool_release_notes_url": "-1",
			
            "cms_tool_readme_url": "-1",
			
            "cms_tool_debug_only": 0,
			
            "cms_tool_installed": 0,
			
            "cms_tool_version": "",
			
            "cms_tool_terms_upfirst": 0,
			
            "cms_tool_comments": "",
			
            "cms_tool_package_excludes": "",
			
            "cms_tool_copyright": ""
		}
	},
	
    "nav_bar": {
		
        "PHP Info": false
	},
	
    "assoc": [
	],
	
    "name": "AppsCMS_Local_Tool_PHP_Info",
	
    "type": "local_tool",
	
    "packager": "AppsCMS",
	
    "packager_version": "V3.06.RC1",
	
    "_JSON_ModTime": 1679709701,
	
    "_JSON_ModUser": "robert0609"
}