{
	
    "bodies": {
		
        "Where Am I": {
			
            "cms_body_id": 24,
			
            "cms_body_added": "2022-12-15 01:50:08",
			
            "cms_body_updated": "2023-02-14 21:10:31",
			
            "cms_body_name": "Where Am I",
			
            "cms_body_app_key": "",
			
            "cms_body_virtual_name": "",
			
            "cms_body_lang": "",
			
            "cms_body_group_ids": "0",
			
            "cms_body_manager_group_ids": "0",
			
            "cms_body_order": 1000,
			
            "cms_body_default": 0,
			
            "cms_body_nomenu": 0,
			
            "cms_body_enabled": 1,
			
            "cms_body_file": "whereami_body.php",
			
            "cms_body_title": "OpenStreets Where Am I",
			
            "cms_body_meta_description": "",
			
            "cms_body_meta_keywords": "",
			
            "cms_body_cached": 0,
			
            "cms_body_ssl": 0,
			
            "cms_body_full_view": 0,
			
            "cms_body_iframe_view": 0,
			
            "cms_body_icon_url": "",
			
            "cms_body_image_url": "",
			
            "cms_body_manual_url": "",
			
            "cms_body_terms_url": "-1",
			
            "cms_body_acknowledgment_url": "-1",
			
            "cms_body_licence_url": "-1",
			
            "cms_body_debug_only": 1,
			
            "cms_body_default_msgs": 1,
			
            "cms_body_login_page": 0,
			
            "cms_body_login_required": 1,
			
            "cms_body_description": "Example where am I page using OpenStreetMap.",
			
            "cms_body_type": 3,
			
            "cms_body_dir": "WhereAmI",
			
            "cms_body_release_notes_url": "-1",
			
            "cms_body_readme_url": "-1",
			
            "cms_body_installed": 0,
			
            "cms_body_crontab_enable": 0,
			
            "cms_body_crontab_time": "15 * * * *",
			
            "cms_body_crontab_job": "",
			
            "cms_body_version": "V1.0",
			
            "cms_body_H1": "",
			
            "cms_body_H1_title": "",
			
            "cms_body_purpose": "Example OpenStreetMap",
			
            "cms_body_info1": "",
			
            "cms_body_info2": "",
			
            "cms_body_terms_upfirst": 0,
			
            "cms_body_comments": "",
			
            "cms_body_package_excludes": "",
			
            "plugins": [
			]
		}
	},
	
    "plugins": [
	],
	
    "nav_bar": {
		
        "Where Am I": false
	},
	
    "dirs": [
	],
	
    "files": [
	],
	
    "ini": [
	],
	
    "assoc": [
	],
	
    "name": "AppsCMS_Application_Where_Am_I_V1.0",
	
    "type": "application",
	
    "packager": "AppsCMS",
	
    "packager_version": "V3.05",
	
    "_JSON_ModTime": 1677057749,
	
    "_JSON_ModUser": "robert0609"
}