{
	"bodies":{
		"Where Am I":{
			"cms_body_id":24,
			"cms_body_added":"2020-01-08 07:51:35",
			"cms_body_updated":"2020-01-14 10:24:39",
			"cms_body_group_ids":"0",
			"cms_body_order":1000,
			"cms_body_default":0,
			"cms_body_enabled":1,
			"cms_body_file":"example_whereami_body.php",
			"cms_body_name":"Where Am I",
			"cms_body_title":"OpenStreets Where Am I",
			"cms_body_meta_description":"",
			"cms_body_meta_keywords":"",
			"cms_body_cached":0,
			"cms_body_ssl":0,
			"cms_body_full_view":0,
			"cms_body_icon_url":"",
			"cms_body_image_url":"",
			"cms_body_terms_url":"",
			"cms_body_acknowledgment_url":"",
			"cms_body_license_url":"",
			"cms_body_debug_only":1,
			"cms_body_default_msgs":1,
			"cms_body_login_page":0,
			"cms_body_description":"Example where am I page using OpenStreetMap.",
			"cms_body_type":2,
			"cms_body_dir":"",
			"cms_body_release_notes_url":"",
			"cms_body_installed":0,
			"cms_body_readme_url":"",
			"cms_body_crontab_enable":0,
			"cms_body_crontab_time":"15 * * * *",
			"cms_body_crontab_job":"",
			"cms_body_version":"V1.0",
			"cms_body_purpose":"Example OpenStreetMap",
			"cms_body_info1":"",
			"cms_body_info2":"",
			"cms_body_licence_url":"",
			"cms_body_terms_upfirst":0,
			"cms_body_login_required":1
		}
	},
	"plugins":[
	],
	"nav_bar":{
		"Where Am I":false
	},
	"dirs":[
	],
	"files":[
	],
	"ini":{
		"BOOK_KEEP_ThemeSettings":{
			"BOOK_KEEP_FMT_PLUS_NUMBER_BKGD_COLOUR":"#white",
			"BOOK_KEEP_FMT_PLUS_NUMBER_COLOUR":"#white",
			"BOOK_KEEP_FMT_NEG_NUMBER_BKGD_COLOUR":"#white",
			"BOOK_KEEP_FMT_NEG_NUMBER_COLOUR":"#white"
		}
	},
	"assoc":[
	],
	"name":"AppsCMS_Application_Where_Am_I_V1.0",
	"type":"application",
	"packager":"AppsCMS",
	"packager_version":"V2.19",
	"_JSON_ModTime":"2020-01-14 10:25:21Z",
	"_JSON_ModUser":"robert0609"
}