{
	"_comment":"A comment for the section (shown in debug readonly)",
	"_important_note":"Array keys must obey the JSON rules of only alphanumeris and underscore characters (no spaces in keys).",
	"Order_Online": {
		"comment":"A comment for the section (shown).",
		"_comment":"A comment for the section (shown in debug readonly).",
		"_ID":"System Value: an ID (shown in debug readonly).",
		"take_out": "The Ccms_edit class generates the html as this key value is not an array",
		"Beverage": {
		"_comment": ["Because this key value is an array and has a text element",
				"the Ccms_edit class uses the array to control input generation (optional)"],
			"text": "The text / definition / help shown with the key name Beverage.",
			"input": {
				"_comment": "A plain input (optional)",
				"type":"text|number|password|checkbox|textarea|hidden|file (number can have precision, checkbox return is 'on' or 'off')",
				"params":"(e.g. size=\"10\" length=\"80\")",
				"_function": "Cclass::method_get_options_or_params_etc_to_add_to_input()",
				"prec": 2
				},
			"select": {
				"_comment": "A selector (optional)",
				"type": "single|multiple",
				"options": {
					"-1": {
						"text": " -- Select Please -- ",
						"params": "disabled selected hidden"
						},
					"0": "Coke",
					"1": "Coffee",
					"2": "Tea",
					"3": "Chia",
					"4": "Water"
					},
				"_function": "Cclass::method_get_options_or_params_etc_to_add_to_select()",
				"params": ""
				},
			"_show_func":["Show value (readonly) static function/method to generate text",
					"only (e.g. Csomeclass::showmethod($sect,$key,$name,$value) (optional)"],
			"_form_input_func":["An input static function/method to generate the input html for",
					"the form (e.g. Csomeclass::inputmethod($sect,$key,$name,$value) (optional)"],
			"_form_get_func":["A get from form static function/method to read the form",
					"value (e.g. Csomeclass::gettmethod($sect,$key,$name,$value) (optional)"],
			"__comment": ["The func variables are: $sect = sect_name (1st level),",
					"$key = key (2nd level), $name = the form element name to use,",
					"$value = the current"]
			},
		"2nd_key": {
			"and so on": "..."
			},
		"and so on": "...",
		"Nth_key": {
			"and so on": "..."
			}
		},
	"2nd_section_name": {
		"and so on": "..."
		},
	"__OrderDate":"Order date (not shown)."
	}