{
	"tools":{
		"Terminal":{
			"cms_tool_id":16,
			"cms_tool_added":"2020-05-15 04:38:03",
			"cms_tool_updated":"2020-06-03 07:23:16",
			"cms_tool_name":"Terminal",
			"cms_tool_group_ids":"1:6:7",
			"cms_tool_order":10,
			"cms_tool_enabled":1,
			"cms_tool_url":"terminal\/terminal.php",
			"cms_tool_description":"Simple shell terminal",
			"cms_tool_title":"Shell Terminal",
			"cms_tool_new_page":0,
			"cms_tool_ssl":0,
			"cms_tool_login_required":0,
			"cms_tool_add_name2url":1,
			"cms_tool_include":0,
			"cms_tool_icon_url":"",
			"cms_tool_image_url":"",
			"cms_tool_terms_url":"-1",
			"cms_tool_acknowledgment_url":"-1",
			"cms_tool_licence_url":"-1",
			"cms_tool_release_notes_url":"-1",
			"cms_tool_readme_url":"-1",
			"cms_tool_debug_only":0,
			"cms_tool_installed":0,
			"cms_tool_version":"V0.03",
			"cms_tool_terms_upfirst":0
		}
	},
	"assoc":[
	],
	"name":"AppsCMS_Local_Tool_Terminal_V0.03",
	"type":"local_tool",
	"packager":"AppsCMS",
	"packager_version":"V2.20-2",
	"_JSON_ModTime":"2020-06-03 09:58:21Z",
	"_JSON_ModUser":"robert0609"
}