{
	"tools":{
		"File Manager":{
			"cms_tool_id":21,
			"cms_tool_added":"2020-05-27 00:30:53",
			"cms_tool_updated":"2020-05-28 06:46:59",
			"cms_tool_name":"File Manager",
			"cms_tool_group_ids":"0",
			"cms_tool_order":25,
			"cms_tool_enabled":1,
			"cms_tool_url":"filemanager\/torfilemanager.php",
			"cms_tool_description":"Simple file manager",
			"cms_tool_title":"",
			"cms_tool_new_page":0,
			"cms_tool_ssl":0,
			"cms_tool_login_required":0,
			"cms_tool_add_name2url":1,
			"cms_tool_include":0,
			"cms_tool_icon_url":"",
			"cms_tool_image_url":"",
			"cms_tool_terms_url":"-1",
			"cms_tool_acknowledgment_url":"-1",
			"cms_tool_licence_url":"-1",
			"cms_tool_release_notes_url":"-1",
			"cms_tool_readme_url":"-1",
			"cms_tool_debug_only":0,
			"cms_tool_installed":0,
			"cms_tool_version":"V2.1",
			"cms_tool_terms_upfirst":0
		}
	},
	"assoc":[
	],
	"name":"AppsCMS_Local_Tool_File_Manager_V2.1",
	"type":"local_tool",
	"packager":"AppsCMS",
	"packager_version":"V2.20-2",
	"_JSON_ModTime":"2020-06-03 10:14:56Z",
	"_JSON_ModUser":"robert0609"
}