{
	
    "tools": {
		
        "ASCII Table": {
			
            "cms_tool_id": 5,
			
            "cms_tool_added": "2022-12-15 01:51:19",
			
            "cms_tool_updated": "2023-03-18 05:09:00",
			
            "cms_tool_name": "ASCII Table",
			
            "cms_tool_group_ids": "0",
			
            "cms_tool_order": 800,
			
            "cms_tool_enabled": 1,
			
            "cms_tool_url": "ASCIIdata\/ASCIItable.php",
			
            "cms_tool_description": "Show character table.",
			
            "cms_tool_title": "",
			
            "cms_tool_new_page": 0,
			
            "cms_tool_ssl": 0,
			
            "cms_tool_login_required": 0,
			
            "cms_tool_add_name2url": 1,
			
            "cms_tool_include": 1,
			
            "cms_tool_icon_url": "",
			
            "cms_tool_image_url": "",
			
            "cms_tool_terms_url": "-1",
			
            "cms_tool_acknowledgment_url": "-1",
			
            "cms_tool_licence_url": "-1",
			
            "cms_tool_release_notes_url": "-1",
			
            "cms_tool_readme_url": "-1",
			
            "cms_tool_debug_only": 0,
			
            "cms_tool_installed": 0,
			
            "cms_tool_version": "V3.03",
			
            "cms_tool_terms_upfirst": 0,
			
            "cms_tool_comments": "",
			
            "cms_tool_package_excludes": "",
			
            "cms_tool_copyright": "Robert Fulton 2023"
		}
	},
	
    "nav_bar": {
		
        "ASCII Table": false
	},
	
    "assoc": [
	],
	
    "name": "AppsCMS_Local_Tool_ASCII_Table_V3.03",
	
    "type": "local_tool",
	
    "packager": "AppsCMS",
	
    "packager_version": "V3.06.RC1",
	
    "_JSON_ModTime": 1679709207,
	
    "_JSON_ModUser": "robert0609"
}