{
	"tools":{
		"PHP Info":{
			"cms_tool_id":8,
			"cms_tool_added":"2020-02-24 08:37:18",
			"cms_tool_updated":"2020-02-27 10:50:21",
			"cms_tool_name":"PHP Info",
			"cms_tool_group_ids":"1:2",
			"cms_tool_order":500,
			"cms_tool_enabled":1,
			"cms_tool_url":"phpinfo\/index.php",
			"cms_tool_description":"",
			"cms_tool_title":"",
			"cms_tool_new_page":0,
			"cms_tool_ssl":0,
			"cms_tool_login_required":0,
			"cms_tool_add_name2url":1,
			"cms_tool_include":0,
			"cms_tool_icon_url":"",
			"cms_tool_image_url":"",
			"cms_tool_terms_url":"-1",
			"cms_tool_acknowledgment_url":"-1",
			"cms_tool_licence_url":"-1",
			"cms_tool_release_notes_url":"-1",
			"cms_tool_readme_url":"-1",
			"cms_tool_debug_only":0,
			"cms_tool_installed":0,
			"cms_tool_version":"V1.2",
			"cms_tool_terms_upfirst":0
		}
	},
	"assoc":[
	],
	"name":"AppsCMS_Local_Tool_PHP_Info_V1.2",
	"type":"local_tool",
	"packager":"AppsCMS",
	"packager_version":"V2.19-11",
	"_JSON_ModTime":"2020-02-27 10:51:01Z",
	"_JSON_ModUser":"robert0609"
}