{
	
    "bodies": {
		
        "Appointments": {
			
            "cms_body_id": 62,
			
            "cms_body_added": "2022-12-15 01:50:08",
			
            "cms_body_updated": "2023-02-08 10:05:51",
			
            "cms_body_name": "Appointments",
			
            "cms_body_app_key": "APPO",
			
            "cms_body_virtual_name": "appo",
			
            "cms_body_lang": "",
			
            "cms_body_group_ids": "0",
			
            "cms_body_manager_group_ids": "10",
			
            "cms_body_order": 110,
			
            "cms_body_default": 0,
			
            "cms_body_nomenu": 0,
			
            "cms_body_enabled": 1,
			
            "cms_body_file": "appointmments_body.php",
			
            "cms_body_title": "Appointments",
			
            "cms_body_meta_description": "",
			
            "cms_body_meta_keywords": "",
			
            "cms_body_cached": 0,
			
            "cms_body_ssl": 0,
			
            "cms_body_full_view": 0,
			
            "cms_body_iframe_view": 0,
			
            "cms_body_icon_url": "",
			
            "cms_body_image_url": "",
			
            "cms_body_manual_url": "-1",
			
            "cms_body_terms_url": "-1",
			
            "cms_body_acknowledgment_url": "-1",
			
            "cms_body_licence_url": "-1",
			
            "cms_body_debug_only": 0,
			
            "cms_body_default_msgs": 1,
			
            "cms_body_login_page": 0,
			
            "cms_body_login_required": 0,
			
            "cms_body_description": "Example appointment calendar application.",
			
            "cms_body_type": 5,
			
            "cms_body_dir": "appo",
			
            "cms_body_release_notes_url": "-1",
			
            "cms_body_readme_url": "-1",
			
            "cms_body_installed": 0,
			
            "cms_body_crontab_enable": 0,
			
            "cms_body_crontab_time": "* * * * *",
			
            "cms_body_crontab_job": "",
			
            "cms_body_version": "V0.01-Beta",
			
            "cms_body_H1": "Appointments",
			
            "cms_body_H1_title": "",
			
            "cms_body_purpose": "Provide a booking calendar.",
			
            "cms_body_info1": "This a beta app",
			
            "cms_body_info2": "Based on the AppsCMS appointments plugin.",
			
            "cms_body_terms_upfirst": 0,
			
            "cms_body_comments": "",
			
            "cms_body_package_excludes": ""
		}
	},
	
    "plugins": [
	],
	
    "nav_bar": {
		
        "Appointments": false
	},
	
    "dirs": [
	],
	
    "files": [
	],
	
    "ini": {
		
        "BOOK_KEEP_ThemeSettings": {
			
            "BOOK_KEEP_FMT_PLUS_NUMBER_BKGD_COLOUR": "inherit",
			
            "BOOK_KEEP_FMT_PLUS_NUMBER_COLOUR": "green",
			
            "BOOK_KEEP_FMT_NEG_NUMBER_BKGD_COLOUR": "inherit",
			
            "BOOK_KEEP_FMT_NEG_NUMBER_COLOUR": "red"
		},
		
        "BOOK_KEEP_Numbers": {
			
            "BOOK_KEEP_FMT_NUMBER_PREC": "2"
		},
		
        "BOOK_KEEP_General": {
			
            "BOOK_KEEP_TRANS_REPORT_COLUMNS": "account_id:category_id:payee_id:project_id:receipt_id:transaction_date:transaction_memo"
		}
	},
	
    "assoc": [
	],
	
    "name": "AppsCMS_Application_Appointments_V0.01-Beta",
	
    "type": "application",
	
    "packager": "AppsCMS",
	
    "packager_version": "V3.03-RC8",
	
    "_JSON_ModTime": 1675850811,
	
    "_JSON_ModUser": "robert0609"
}