{
	
    "tools": {
		
        "Password Generator": {
			
            "cms_tool_id": 2,
			
            "cms_tool_added": "2022-12-15 01:51:19",
			
            "cms_tool_updated": "2023-03-18 05:09:00",
			
            "cms_tool_name": "Password Generator",
			
            "cms_tool_group_ids": "0",
			
            "cms_tool_order": 600,
			
            "cms_tool_enabled": 1,
			
            "cms_tool_url": "Passwords\/passwdgen.php",
			
            "cms_tool_description": "",
			
            "cms_tool_title": "",
			
            "cms_tool_new_page": 0,
			
            "cms_tool_ssl": 1,
			
            "cms_tool_login_required": 0,
			
            "cms_tool_add_name2url": 1,
			
            "cms_tool_include": 1,
			
            "cms_tool_icon_url": "localtools\/icons\/passwd_lock_icon.png",
			
            "cms_tool_image_url": "localtools\/images\/passwd_lock.png",
			
            "cms_tool_terms_url": "-1",
			
            "cms_tool_acknowledgment_url": "-1",
			
            "cms_tool_licence_url": "-1",
			
            "cms_tool_release_notes_url": "-1",
			
            "cms_tool_readme_url": "Passwords\/README.md",
			
            "cms_tool_debug_only": 0,
			
            "cms_tool_installed": 0,
			
            "cms_tool_version": "V2.02",
			
            "cms_tool_terms_upfirst": 0,
			
            "cms_tool_comments": "Tool now auto detects in or out of an iframe and adjusts according.",
			
            "cms_tool_package_excludes": "",
			
            "cms_tool_copyright": ""
		}
	},
	
    "nav_bar": {
		
        "Password Generator": {
			
            "uri": "id_tool_2",
			
            "text": "Password Generator",
			
            "title": ""
		}
	},
	
    "assoc": [
		
        "localtools\/icons\/passwd_lock_icon.png",
		
        "localtools\/images\/passwd_lock.png"
	],
	
    "name": "AppsCMS_Local_Tool_Password_Generator_V2.02",
	
    "type": "local_tool",
	
    "packager": "AppsCMS",
	
    "packager_version": "V3.06.RC1",
	
    "_JSON_ModTime": 1679709159,
	
    "_JSON_ModUser": "robert0609"
}